"Iranimij","Iranimij"
"Installed Modules","Installed Modules"
"Installed Iranimij modules","Installed Iranimij modules"
"Modules from the iranimij vendor installed in this shop. This page reads local files only; nothing is sent anywhere.","Modules from the iranimij vendor installed in this shop. This page reads local files only; nothing is sent anywhere."
"Module","Module"
"Package","Package"
"Version","Version"
"Status","Status"
"Links","Links"
"Enabled","Enabled"
"Disabled","Disabled"
"Documentation","Documentation"
"Changelog","Changelog"
"No Iranimij modules installed.","No Iranimij modules installed."
